"rgba(0,0,0,0)"
"rgba(131,133,135,1)"
"rgba(131,134,135,1)"
"rgba(131,134,136,0.992)"
"rgba(131,134,136,1)"
"rgba(131,135,135,0.984)"
"rgba(131,135,135,1)"
"rgba(131,135,136,0.079)"
"rgba(131,135,136,0.992)"
"rgba(132,134,136,0.929)"
"rgba(132,134,136,0.969)"
"rgba(132,134,136,0.976)"
"rgba(132,134,136,0.984)"
"rgba(132,134,136,0.992)"
"rgba(132,134,136,1)"
"rgba(132,134,137,0.134)"
"rgba(132,135,135,0.567)"
"rgba(132,135,135,0.976)"
"rgba(132,135,135,0.992)"
"rgba(132,135,135,1)"
"rgba(132,135,136,0.079)"
"rgba(132,135,136,0.087)"
"rgba(132,135,136,0.126)"
"rgba(132,135,136,0.142)"
"rgba(132,135,136,0.165)"
"rgba(132,135,136,0.173)"
"rgba(132,135,136,0.181)"
"rgba(132,135,136,0.22)"
"rgba(132,135,136,0.228)"
"rgba(132,135,136,0.236)"
"rgba(132,135,136,0.244)"
"rgba(132,135,136,0.339)"
"rgba(132,135,136,0.394)"
"rgba(132,135,136,0.48)"
"rgba(132,135,136,0.512)"
"rgba(132,135,136,0.535)"
"rgba(132,135,136,0.567)"
"rgba(132,135,136,0.598)"
"rgba(132,135,136,0.606)"
"rgba(132,135,136,0.685)"
"rgba(132,135,136,0.717)"
"rgba(132,135,136,0.748)"
"rgba(132,135,136,0.756)"
"rgba(132,135,136,0.772)"
"rgba(132,135,136,0.787)"
"rgba(132,135,136,0.803)"
"rgba(132,135,136,0.835)"
"rgba(132,135,136,0.85)"
"rgba(132,135,136,0.866)"
"rgba(132,135,136,0.874)"
"rgba(132,135,136,0.882)"
"rgba(132,135,136,0.89)"
"rgba(132,135,136,0.898)"
"rgba(132,135,136,0.906)"
"rgba(132,135,136,0.913)"
"rgba(132,135,136,0.921)"
"rgba(132,135,136,0.929)"
"rgba(132,135,136,0.937)"
"rgba(132,135,136,0.945)"
"rgba(132,135,136,0.953)"
"rgba(132,135,136,0.961)"
"rgba(132,135,136,0.969)"
"rgba(132,135,136,0.976)"
"rgba(132,135,136,0.984)"
"rgba(132,135,136,0.992)"
"rgba(132,135,136,1)"
"rgba(132,135,137,0.094)"
"rgba(132,135,137,1)"
"rgba(132,136,136,0.094)"
"rgba(132,136,137,0.024)"
"rgba(132,136,137,0.063)"
"rgba(132,136,137,0.079)"
"rgba(133,134,137,0.677)"
"rgba(133,135,136,0.063)"
"rgba(133,135,136,0.11)"
"rgba(133,135,136,0.276)"
"rgba(133,135,136,0.331)"
"rgba(133,135,136,0.677)"
"rgba(133,135,136,0.772)"
"rgba(133,135,136,0.835)"
"rgba(133,135,136,1)"
"rgba(133,135,137,0.008)"
"rgba(133,135,137,0.047)"
"rgba(133,135,137,0.063)"
"rgba(133,135,137,0.087)"
"rgba(133,135,137,0.102)"
"rgba(133,135,137,0.11)"
"rgba(133,135,137,0.118)"
"rgba(133,135,137,0.134)"
"rgba(133,135,137,0.15)"
"rgba(133,135,137,0.173)"
"rgba(133,135,137,0.205)"
"rgba(133,135,137,0.228)"
"rgba(133,135,137,0.236)"
"rgba(133,135,137,0.252)"
"rgba(133,135,137,0.26)"
"rgba(133,135,137,0.268)"
"rgba(133,135,137,0.276)"
"rgba(133,135,137,0.283)"
"rgba(133,135,137,0.299)"
"rgba(133,135,137,0.323)"
"rgba(133,135,137,0.331)"
"rgba(133,135,137,0.339)"
"rgba(133,135,137,0.346)"
"rgba(133,135,137,0.362)"
"rgba(133,135,137,0.37)"
"rgba(133,135,137,0.378)"
"rgba(133,135,137,0.386)"
"rgba(133,135,137,0.394)"
"rgba(133,135,137,0.402)"
"rgba(133,135,137,0.409)"
"rgba(133,135,137,0.417)"
"rgba(133,135,137,0.425)"
"rgba(133,135,137,0.441)"
"rgba(133,135,137,0.472)"
"rgba(133,135,137,0.496)"
"rgba(133,135,137,0.528)"
"rgba(133,135,137,0.543)"
"rgba(133,135,137,0.551)"
"rgba(133,135,137,0.567)"
"rgba(133,135,137,0.575)"
"rgba(133,135,137,0.583)"
"rgba(133,135,137,0.591)"
"rgba(133,135,137,0.606)"
"rgba(133,135,137,0.638)"
"rgba(133,135,137,0.654)"
"rgba(133,135,137,0.661)"
"rgba(133,135,137,0.677)"
"rgba(133,135,137,0.685)"
"rgba(133,135,137,0.709)"
"rgba(133,135,137,0.717)"
"rgba(133,135,137,0.724)"
"rgba(133,135,137,0.74)"
"rgba(133,135,137,0.748)"
"rgba(133,135,137,0.764)"
"rgba(133,135,137,0.78)"
"rgba(133,135,137,0.787)"
"rgba(133,135,137,0.827)"
"rgba(133,135,137,0.835)"
"rgba(133,135,137,0.843)"
"rgba(133,135,137,0.85)"
"rgba(133,135,137,0.866)"
"rgba(133,135,137,0.89)"
"rgba(133,135,137,0.898)"
"rgba(133,135,137,0.906)"
"rgba(133,135,137,0.913)"
"rgba(133,135,137,0.921)"
"rgba(133,135,137,0.929)"
"rgba(133,135,137,0.937)"
"rgba(133,135,137,0.953)"
"rgba(133,135,137,0.961)"
"rgba(133,135,137,0.969)"
"rgba(133,135,137,0.976)"
"rgba(133,135,137,0.992)"
"rgba(133,135,137,1)"
"rgba(133,135,138,0.071)"
"rgba(133,136,136,0.173)"
"rgba(133,136,136,0.189)"
"rgba(133,136,137,0.008)"
"rgba(133,136,137,0.016)"
"rgba(133,136,137,0.024)"
"rgba(133,136,137,0.031)"
"rgba(133,136,137,0.039)"
"rgba(133,136,137,0.047)"
"rgba(133,136,137,0.055)"
"rgba(133,136,137,0.063)"
"rgba(133,136,137,0.071)"
"rgba(133,136,137,0.079)"
"rgba(133,136,137,0.087)"
"rgba(133,136,137,0.094)"
"rgba(133,136,137,0.102)"
"rgba(133,136,137,0.11)"
"rgba(133,136,137,0.118)"
"rgba(133,136,137,0.126)"
"rgba(133,136,137,0.134)"
"rgba(133,136,137,0.142)"
"rgba(133,136,137,0.15)"
"rgba(133,136,137,0.157)"
"rgba(133,136,137,0.165)"
"rgba(133,136,137,0.173)"
"rgba(133,136,137,0.181)"
"rgba(133,136,137,0.189)"
"rgba(133,136,137,0.197)"
"rgba(133,136,137,0.205)"
"rgba(133,136,137,0.213)"
"rgba(133,136,137,0.22)"
"rgba(133,136,137,0.236)"
"rgba(133,136,137,0.244)"
"rgba(133,136,137,0.252)"
"rgba(133,136,137,0.268)"
"rgba(133,136,137,0.276)"
"rgba(133,136,137,0.283)"
"rgba(133,136,137,0.291)"
"rgba(133,136,137,0.299)"
"rgba(133,136,137,0.307)"
"rgba(133,136,137,0.315)"
"rgba(133,136,137,0.331)"
"rgba(133,136,137,0.339)"
"rgba(133,136,137,0.346)"
"rgba(133,136,137,0.354)"
"rgba(133,136,137,0.362)"
"rgba(133,136,137,0.37)"
"rgba(133,136,137,0.378)"
"rgba(133,136,137,0.386)"
"rgba(133,136,137,0.394)"
"rgba(133,136,137,0.402)"
"rgba(133,136,137,0.409)"
"rgba(133,136,137,0.417)"
"rgba(133,136,137,0.425)"
"rgba(133,136,137,0.433)"
"rgba(133,136,137,0.457)"
"rgba(133,136,137,0.465)"
"rgba(133,136,137,0.472)"
"rgba(133,136,137,0.48)"
"rgba(133,136,137,0.488)"
"rgba(133,136,137,0.496)"
"rgba(133,136,137,0.504)"
"rgba(133,136,137,0.512)"
"rgba(133,136,137,0.52)"
"rgba(133,136,137,0.528)"
"rgba(133,136,137,0.543)"
"rgba(133,136,137,0.551)"
"rgba(133,136,137,0.559)"
"rgba(133,136,137,0.567)"
"rgba(133,136,137,0.575)"
"rgba(133,136,137,0.591)"
"rgba(133,136,137,0.598)"
"rgba(133,136,137,0.614)"
"rgba(133,136,137,0.622)"
"rgba(133,136,137,0.63)"
"rgba(133,136,137,0.646)"
"rgba(133,136,137,0.669)"
"rgba(133,136,137,0.693)"
"rgba(133,136,137,0.701)"
"rgba(133,136,137,0.717)"
"rgba(133,136,137,0.724)"
"rgba(133,136,137,0.732)"
"rgba(133,136,137,0.764)"
"rgba(133,136,137,0.787)"
"rgba(133,136,137,0.803)"
"rgba(133,136,137,0.811)"
"rgba(133,136,137,0.866)"
"rgba(133,136,137,0.906)"
"rgba(133,136,137,0.913)"
"rgba(133,136,137,0.937)"
"rgba(133,136,137,0.969)"
"rgba(133,136,137,0.984)"
"rgba(133,136,137,0.992)"
"rgba(133,136,137,1)"
"rgba(133,136,138,0.008)"
"rgba(133,136,138,0.016)"
"rgba(133,136,138,0.024)"
"rgba(133,136,138,0.52)"
"rgba(133,136,138,0.591)"
"rgba(133,136,138,1)"
"rgba(133,137,137,1)"
"rgba(133,137,138,1)"
"rgba(134,135,137,1)"
"rgba(134,136,137,0.315)"
"rgba(134,136,137,0.394)"
"rgba(134,136,137,0.402)"
"rgba(134,136,137,0.433)"
"rgba(134,136,137,0.488)"
"rgba(134,136,137,0.504)"
"rgba(134,136,137,0.52)"
"rgba(134,136,137,0.551)"
"rgba(134,136,137,0.583)"
"rgba(134,136,137,0.661)"
"rgba(134,136,137,0.709)"
"rgba(134,136,137,0.748)"
"rgba(134,136,137,0.819)"
"rgba(134,136,137,0.827)"
"rgba(134,136,137,0.984)"
"rgba(134,136,137,0.992)"
"rgba(134,136,137,1)"
"rgba(134,136,138,0.016)"
"rgba(134,136,138,0.024)"
"rgba(134,136,138,0.031)"
"rgba(134,136,138,0.039)"
"rgba(134,136,138,0.047)"
"rgba(134,136,138,0.055)"
"rgba(134,136,138,0.063)"
"rgba(134,136,138,0.079)"
"rgba(134,136,138,0.094)"
"rgba(134,136,138,0.11)"
"rgba(134,136,138,0.118)"
"rgba(134,136,138,0.126)"
"rgba(134,136,138,0.15)"
"rgba(134,136,138,0.165)"
"rgba(134,136,138,0.173)"
"rgba(134,136,138,0.189)"
"rgba(134,136,138,0.197)"
"rgba(134,136,138,0.205)"
"rgba(134,136,138,0.213)"
"rgba(134,136,138,0.244)"
"rgba(134,136,138,0.252)"
"rgba(134,136,138,0.26)"
"rgba(134,136,138,0.276)"
"rgba(134,136,138,0.291)"
"rgba(134,136,138,0.299)"
"rgba(134,136,138,0.307)"
"rgba(134,136,138,0.323)"
"rgba(134,136,138,0.346)"
"rgba(134,136,138,0.362)"
"rgba(134,136,138,0.394)"
"rgba(134,136,138,0.402)"
"rgba(134,136,138,0.409)"
"rgba(134,136,138,0.441)"
"rgba(134,136,138,0.457)"
"rgba(134,136,138,0.465)"
"rgba(134,136,138,0.472)"
"rgba(134,136,138,0.48)"
"rgba(134,136,138,0.488)"
"rgba(134,136,138,0.496)"
"rgba(134,136,138,0.504)"
"rgba(134,136,138,0.512)"
"rgba(134,136,138,0.551)"
"rgba(134,136,138,0.559)"
"rgba(134,136,138,0.567)"
"rgba(134,136,138,0.575)"
"rgba(134,136,138,0.583)"
"rgba(134,136,138,0.591)"
"rgba(134,136,138,0.598)"
"rgba(134,136,138,0.614)"
"rgba(134,136,138,0.622)"
"rgba(134,136,138,0.63)"
"rgba(134,136,138,0.638)"
"rgba(134,136,138,0.654)"
"rgba(134,136,138,0.661)"
"rgba(134,136,138,0.669)"
"rgba(134,136,138,0.677)"
"rgba(134,136,138,0.685)"
"rgba(134,136,138,0.701)"
"rgba(134,136,138,0.717)"
"rgba(134,136,138,0.724)"
"rgba(134,136,138,0.732)"
"rgba(134,136,138,0.74)"
"rgba(134,136,138,0.748)"
"rgba(134,136,138,0.756)"
"rgba(134,136,138,0.772)"
"rgba(134,136,138,0.795)"
"rgba(134,136,138,0.811)"
"rgba(134,136,138,0.819)"
"rgba(134,136,138,0.835)"
"rgba(134,136,138,0.85)"
"rgba(134,136,138,0.874)"
"rgba(134,136,138,0.882)"
"rgba(134,136,138,0.89)"
"rgba(134,136,138,0.898)"
"rgba(134,136,138,0.906)"
"rgba(134,136,138,0.929)"
"rgba(134,136,138,0.937)"
"rgba(134,136,138,0.961)"
"rgba(134,136,138,0.969)"
"rgba(134,136,138,0.976)"
"rgba(134,136,138,0.992)"
"rgba(134,136,138,1)"
"rgba(134,137,137,0.213)"
"rgba(134,137,138,0.016)"
"rgba(134,137,138,0.024)"
"rgba(134,137,138,0.031)"
"rgba(134,137,138,0.039)"
"rgba(134,137,138,0.047)"
"rgba(134,137,138,0.055)"
"rgba(134,137,138,0.063)"
"rgba(134,137,138,0.071)"
"rgba(134,137,138,0.079)"
"rgba(134,137,138,0.087)"
"rgba(134,137,138,0.094)"
"rgba(134,137,138,0.11)"
"rgba(134,137,138,0.118)"
"rgba(134,137,138,0.126)"
"rgba(134,137,138,0.134)"
"rgba(134,137,138,0.142)"
"rgba(134,137,138,0.15)"
"rgba(134,137,138,0.165)"
"rgba(134,137,138,0.181)"
"rgba(134,137,138,0.189)"
"rgba(134,137,138,0.197)"
"rgba(134,137,138,0.205)"
"rgba(134,137,138,0.22)"
"rgba(134,137,138,0.236)"
"rgba(134,137,138,0.244)"
"rgba(134,137,138,0.276)"
"rgba(134,137,138,0.299)"
"rgba(134,137,138,0.339)"
"rgba(134,137,138,0.346)"
"rgba(134,137,138,0.354)"
"rgba(134,137,138,0.37)"
"rgba(134,137,138,0.402)"
"rgba(134,137,138,0.409)"
"rgba(134,137,138,0.488)"
"rgba(134,137,138,0.496)"
"rgba(134,137,138,0.52)"
"rgba(134,137,138,0.528)"
"rgba(134,137,138,0.551)"
"rgba(134,137,138,0.591)"
"rgba(134,137,138,0.63)"
"rgba(134,137,138,0.638)"
"rgba(134,137,138,0.646)"
"rgba(134,137,138,0.661)"
"rgba(134,137,138,0.669)"
"rgba(134,137,138,0.677)"
"rgba(134,137,138,0.693)"
"rgba(134,137,138,0.748)"
"rgba(134,137,138,0.772)"
"rgba(134,137,138,0.78)"
"rgba(134,137,138,0.811)"
"rgba(134,137,138,0.819)"
"rgba(134,137,138,0.827)"
"rgba(134,137,138,0.835)"
"rgba(134,137,138,0.929)"
"rgba(134,137,138,0.937)"
"rgba(134,137,138,0.945)"
"rgba(134,137,138,0.961)"
"rgba(134,137,138,0.984)"
"rgba(134,137,138,0.992)"
"rgba(134,137,138,1)"
"rgba(135,136,138,0.622)"
"rgba(135,136,138,1)"
"rgba(135,137,138,0.047)"
"rgba(135,137,138,0.063)"
"rgba(135,137,138,0.575)"
"rgba(135,137,138,0.591)"
"rgba(135,137,138,0.622)"
"rgba(135,137,138,0.654)"
"rgba(135,137,138,0.685)"
"rgba(135,137,138,0.693)"
"rgba(135,137,138,0.724)"
"rgba(135,137,138,0.74)"
"rgba(135,137,138,0.748)"
"rgba(135,137,138,0.795)"
"rgba(135,137,138,0.811)"
"rgba(135,137,138,0.819)"
"rgba(135,137,138,0.835)"
"rgba(135,137,138,0.843)"
"rgba(135,137,138,0.85)"
"rgba(135,137,138,0.906)"
"rgba(135,137,138,0.921)"
"rgba(135,137,138,0.929)"
"rgba(135,137,138,0.937)"
"rgba(135,137,138,0.969)"
"rgba(135,137,138,0.992)"
"rgba(135,137,138,1)"
"rgba(135,137,139,0)"
"rgba(135,137,139,0.008)"
"rgba(135,137,139,0.016)"
"rgba(135,137,139,0.024)"
"rgba(135,137,139,0.031)"
"rgba(135,137,139,0.047)"
"rgba(135,137,139,0.055)"
"rgba(135,137,139,0.142)"
"rgba(135,137,139,0.15)"
"rgba(135,137,139,0.409)"
"rgba(135,137,139,0.472)"
"rgba(135,137,139,0.496)"
"rgba(135,137,139,0.512)"
"rgba(135,137,139,0.52)"
"rgba(135,137,139,0.535)"
"rgba(135,137,139,0.575)"
"rgba(135,137,139,0.583)"
"rgba(135,137,139,0.646)"
"rgba(135,137,139,0.677)"
"rgba(135,137,139,0.685)"
"rgba(135,137,139,0.693)"
"rgba(135,137,139,0.709)"
"rgba(135,137,139,0.732)"
"rgba(135,137,139,0.74)"
"rgba(135,137,139,0.748)"
"rgba(135,137,139,0.764)"
"rgba(135,137,139,0.772)"
"rgba(135,137,139,0.803)"
"rgba(135,137,139,0.811)"
"rgba(135,137,139,0.827)"
"rgba(135,137,139,0.835)"
"rgba(135,137,139,0.85)"
"rgba(135,137,139,0.866)"
"rgba(135,137,139,0.89)"
"rgba(135,137,139,0.898)"
"rgba(135,137,139,0.906)"
"rgba(135,137,139,0.921)"
"rgba(135,137,139,0.937)"
"rgba(135,137,139,0.969)"
"rgba(135,137,139,0.976)"
"rgba(135,137,139,0.984)"
"rgba(135,137,139,0.992)"
"rgba(135,137,139,1)"
"rgba(135,138,138,0.008)"
"rgba(135,138,138,0.031)"
"rgba(135,138,138,1)"
"rgba(135,138,139,0.024)"
"rgba(135,138,139,0.031)"
"rgba(135,138,139,0.047)"
"rgba(135,138,139,0.055)"
"rgba(135,138,139,0.063)"
"rgba(135,138,139,0.071)"
"rgba(135,138,139,0.087)"
"rgba(135,138,139,0.11)"
"rgba(135,138,139,0.118)"
"rgba(135,138,139,0.142)"
"rgba(135,138,139,0.15)"
"rgba(135,138,139,0.157)"
"rgba(135,138,139,0.709)"
"rgba(135,138,139,0.819)"
"rgba(135,138,139,0.992)"
"rgba(135,138,139,1)"
"rgba(136,137,138,1)"
"rgba(136,137,139,0.008)"
"rgba(136,137,139,0.74)"
"rgba(136,137,139,0.764)"
"rgba(136,137,139,0.843)"
"rgba(136,137,139,0.866)"
"rgba(136,137,139,0.882)"
"rgba(136,137,139,0.937)"
"rgba(136,137,139,0.961)"
"rgba(136,137,139,0.969)"
"rgba(136,137,139,0.992)"
"rgba(136,137,139,1)"
"rgba(136,137,140,0.008)"
"rgba(136,138,138,1)"
"rgba(136,138,139,0.031)"
"rgba(136,138,139,0.039)"
"rgba(136,138,139,0.488)"
"rgba(136,138,139,0.669)"
"rgba(136,138,139,0.717)"
"rgba(136,138,139,0.764)"
"rgba(136,138,139,0.803)"
"rgba(136,138,139,0.811)"
"rgba(136,138,139,0.835)"
"rgba(136,138,139,0.843)"
"rgba(136,138,139,0.874)"
"rgba(136,138,139,0.882)"
"rgba(136,138,139,0.913)"
"rgba(136,138,139,0.921)"
"rgba(136,138,139,0.929)"
"rgba(136,138,139,0.937)"
"rgba(136,138,139,0.945)"
"rgba(136,138,139,0.953)"
"rgba(136,138,139,0.961)"
"rgba(136,138,139,0.969)"
"rgba(136,138,139,0.976)"
"rgba(136,138,139,0.992)"
"rgba(136,138,139,1)"
"rgba(136,138,140,0.008)"
"rgba(136,138,140,0.016)"
"rgba(136,138,140,0.024)"
"rgba(136,138,140,0.031)"
"rgba(136,138,140,0.039)"
"rgba(136,138,140,0.055)"
"rgba(136,138,140,0.276)"
"rgba(136,138,140,0.748)"
"rgba(136,138,140,0.756)"
"rgba(136,138,140,0.772)"
"rgba(136,138,140,0.787)"
"rgba(136,138,140,0.803)"
"rgba(136,138,140,0.811)"
"rgba(136,138,140,0.827)"
"rgba(136,138,140,0.843)"
"rgba(136,138,140,0.874)"
"rgba(136,138,140,0.89)"
"rgba(136,138,140,0.898)"
"rgba(136,138,140,0.906)"
"rgba(136,138,140,0.921)"
"rgba(136,138,140,0.929)"
"rgba(136,138,140,0.937)"
"rgba(136,138,140,0.953)"
"rgba(136,138,140,0.984)"
"rgba(136,138,140,1)"
"rgba(136,139,139,0.134)"
"rgba(136,139,140,0.016)"
"rgba(136,139,140,0.024)"
"rgba(136,139,140,0.031)"
"rgba(136,139,140,0.039)"
"rgba(136,139,140,0.055)"
"rgba(136,139,140,0.134)"
"rgba(136,139,140,0.37)"
"rgba(136,139,140,0.465)"
"rgba(136,139,140,0.654)"
"rgba(136,139,140,0.661)"
"rgba(136,139,140,0.835)"
"rgba(136,139,140,0.866)"
"rgba(136,139,140,0.89)"
"rgba(137,138,140,0.906)"
"rgba(137,138,140,0.921)"
"rgba(137,138,140,0.945)"
"rgba(137,138,140,0.953)"
"rgba(137,138,140,0.969)"
"rgba(137,138,140,0.976)"
"rgba(137,138,140,0.984)"
"rgba(137,138,140,0.992)"
"rgba(137,138,140,1)"
"rgba(137,138,141,1)"
"rgba(137,139,140,0.228)"
"rgba(137,139,140,0.252)"
"rgba(137,139,140,0.685)"
"rgba(137,139,140,0.764)"
"rgba(137,139,140,0.85)"
"rgba(137,139,140,0.858)"
"rgba(137,139,140,0.874)"
"rgba(137,139,140,0.882)"
"rgba(137,139,140,0.945)"
"rgba(137,139,140,0.969)"
"rgba(137,139,140,0.976)"
"rgba(137,139,140,0.992)"
"rgba(137,139,140,1)"
"rgba(137,139,141,0.008)"
"rgba(137,139,141,0.016)"
"rgba(137,139,141,0.024)"
"rgba(137,139,141,0.047)"
"rgba(137,139,141,0.354)"
"rgba(137,139,141,0.598)"
"rgba(137,139,141,0.654)"
"rgba(137,139,141,0.835)"
"rgba(137,139,141,0.85)"
"rgba(137,139,141,0.866)"
"rgba(137,139,141,0.89)"
"rgba(137,139,141,0.898)"
"rgba(137,139,141,0.906)"
"rgba(137,139,141,0.913)"
"rgba(137,139,141,0.921)"
"rgba(137,139,141,0.929)"
"rgba(137,139,141,0.937)"
"rgba(137,139,141,0.945)"
"rgba(137,139,141,0.961)"
"rgba(137,139,141,0.984)"
"rgba(137,139,141,0.992)"
"rgba(137,139,141,1)"
"rgba(137,140,140,1)"
"rgba(137,140,141,0.016)"
"rgba(137,140,141,0.024)"
"rgba(137,140,141,0.039)"
"rgba(137,140,141,0.047)"
"rgba(137,140,141,0.528)"
"rgba(137,140,141,1)"
"rgba(138,139,141,0.89)"
"rgba(138,139,141,0.921)"
"rgba(138,139,141,0.945)"
"rgba(138,139,141,0.961)"
"rgba(138,139,141,0.984)"
"rgba(138,139,141,0.992)"
"rgba(138,139,141,1)"
"rgba(138,139,142,1)"
"rgba(138,140,140,1)"
"rgba(138,140,141,0.173)"
"rgba(138,140,141,0.575)"
"rgba(138,140,141,0.669)"
"rgba(138,140,141,0.74)"
"rgba(138,140,141,0.85)"
"rgba(138,140,141,0.874)"
"rgba(138,140,141,0.882)"
"rgba(138,140,141,0.89)"
"rgba(138,140,141,0.913)"
"rgba(138,140,141,0.921)"
"rgba(138,140,141,1)"
"rgba(138,140,142,0.008)"
"rgba(138,140,142,0.016)"
"rgba(138,140,142,0.039)"
"rgba(138,140,142,0.283)"
"rgba(138,140,142,0.37)"
"rgba(138,140,142,0.386)"
"rgba(138,140,142,0.89)"
"rgba(138,140,142,0.906)"
"rgba(138,140,142,0.913)"
"rgba(138,140,142,0.929)"
"rgba(138,140,142,0.953)"
"rgba(138,140,142,0.961)"
"rgba(138,140,142,1)"
"rgba(138,141,142,0.024)"
"rgba(138,141,142,0.063)"
"rgba(138,141,142,0.929)"
"rgba(138,141,142,1)"
"rgba(138,141,143,1)"
"rgba(139,139,142,1)"
"rgba(139,140,141,1)"
"rgba(139,140,142,0.906)"
"rgba(139,140,142,0.929)"
"rgba(139,140,142,0.937)"
"rgba(139,140,142,0.953)"
"rgba(139,140,142,0.992)"
"rgba(139,140,142,1)"
"rgba(139,140,143,1)"
"rgba(139,141,142,0.094)"
"rgba(139,141,142,0.937)"
"rgba(139,141,142,0.976)"
"rgba(139,141,142,0.984)"
"rgba(139,141,142,0.992)"
"rgba(139,141,142,1)"
"rgba(139,141,143,0.008)"
"rgba(139,141,143,0.929)"
"rgba(139,141,143,0.937)"
"rgba(139,141,143,0.953)"
"rgba(139,141,143,0.961)"
"rgba(139,141,143,0.976)"
"rgba(139,141,143,0.992)"
"rgba(139,141,143,1)"
"rgba(139,142,142,1)"
"rgba(139,142,143,0.008)"
"rgba(139,142,143,0.024)"
"rgba(139,142,143,1)"
"rgba(140,141,143,0.906)"
"rgba(140,141,143,0.961)"
"rgba(140,141,143,0.976)"
"rgba(140,141,143,0.984)"
"rgba(140,141,143,1)"
"rgba(140,141,144,1)"
"rgba(140,142,143,0.008)"
"rgba(140,142,143,0.039)"
"rgba(140,142,143,0.205)"
"rgba(140,142,143,0.528)"
"rgba(140,142,143,0.882)"
"rgba(140,142,143,0.945)"
"rgba(140,142,143,0.953)"
"rgba(140,142,143,0.969)"
"rgba(140,142,143,0.984)"
"rgba(140,142,143,0.992)"
"rgba(140,142,143,1)"
"rgba(140,142,144,0.024)"
"rgba(140,142,144,0.039)"
"rgba(140,142,144,0.079)"
"rgba(140,142,144,0.323)"
"rgba(140,142,144,0.921)"
"rgba(140,142,144,0.961)"
"rgba(140,142,144,0.984)"
"rgba(140,142,144,0.992)"
"rgba(140,142,144,1)"
"rgba(140,142,145,1)"
"rgba(140,143,144,0.008)"
"rgba(140,143,144,0.047)"
"rgba(140,143,144,0.11)"
"rgba(140,143,144,1)"
"rgba(140,143,145,1)"
"rgba(140,144,145,0.024)"
"rgba(141,142,143,1)"
"rgba(141,142,144,0.953)"
"rgba(141,142,144,0.976)"
"rgba(141,142,144,1)"
"rgba(141,142,145,1)"
"rgba(141,143,144,0.063)"
"rgba(141,143,144,0.394)"
"rgba(141,143,144,0.961)"
"rgba(141,143,144,1)"
"rgba(141,143,145,0.008)"
"rgba(141,143,145,0.157)"
"rgba(141,143,145,0.37)"
"rgba(141,143,145,0.646)"
"rgba(141,143,145,0.661)"
"rgba(141,143,145,0.835)"
"rgba(141,143,145,0.921)"
"rgba(141,143,145,0.937)"
"rgba(141,143,145,0.953)"
"rgba(141,143,145,0.961)"
"rgba(141,143,145,0.969)"
"rgba(141,143,145,0.984)"
"rgba(141,143,145,0.992)"
"rgba(141,143,145,1)"
"rgba(141,144,144,1)"
"rgba(141,144,145,0.008)"
"rgba(141,144,145,0.016)"
"rgba(141,144,145,0.024)"
"rgba(142,143,145,0.976)"
"rgba(142,143,145,0.984)"
"rgba(142,143,145,1)"
"rgba(142,143,146,1)"
"rgba(142,144,145,0.276)"
"rgba(142,144,145,0.937)"
"rgba(142,144,145,0.969)"
"rgba(142,144,145,0.976)"
"rgba(142,144,145,0.984)"
"rgba(142,144,145,1)"
"rgba(142,144,146,0.016)"
"rgba(142,144,146,0.543)"
"rgba(142,144,146,0.614)"
"rgba(142,144,146,0.976)"
"rgba(142,144,146,0.992)"
"rgba(142,144,146,1)"
"rgba(142,144,147,0)"
"rgba(142,145,146,0.016)"
"rgba(142,145,146,0.024)"
"rgba(142,145,146,0.213)"
"rgba(142,145,146,1)"
"rgba(142,145,147,1)"
"rgba(142,146,146,0.008)"
"rgba(142,146,147,0.008)"
"rgba(143,143,146,1)"
"rgba(143,144,146,0.961)"
"rgba(143,144,146,0.969)"
"rgba(143,144,146,0.976)"
"rgba(143,144,146,1)"
"rgba(143,144,147,0)"
"rgba(143,144,147,0.008)"
"rgba(143,144,147,1)"
"rgba(143,145,146,0.008)"
"rgba(143,145,146,0.016)"
"rgba(143,145,146,0.087)"
"rgba(143,145,146,0.874)"
"rgba(143,145,146,1)"
"rgba(143,145,147,0)"
"rgba(143,145,147,0.008)"
"rgba(143,145,147,0.016)"
"rgba(143,145,147,0.969)"
"rgba(143,145,147,0.976)"
"rgba(143,145,147,0.984)"
"rgba(143,145,147,0.992)"
"rgba(143,145,147,1)"
"rgba(143,146,147,0)"
"rgba(143,146,147,0.008)"
"rgba(143,146,147,0.016)"
"rgba(143,146,147,0.024)"
"rgba(143,146,147,0.354)"
"rgba(144,145,147,0.016)"
"rgba(144,145,147,0.969)"
"rgba(144,145,147,1)"
"rgba(144,145,148,1)"
"rgba(144,146,147,0.016)"
"rgba(144,146,147,0.102)"
"rgba(144,146,147,0.134)"
"rgba(144,146,147,0.26)"
"rgba(144,146,147,0.409)"
"rgba(144,146,147,1)"
"rgba(144,146,148,0.008)"
"rgba(144,146,148,0.079)"
"rgba(144,146,148,0.984)"
"rgba(144,146,148,1)"
"rgba(144,146,149,1)"
"rgba(144,147,148,0.008)"
"rgba(144,147,148,0.016)"
"rgba(144,147,148,0.055)"
"rgba(144,147,148,0.165)"
"rgba(144,148,149,0)"
"rgba(145,145,147,1)"
"rgba(145,145,148,1)"
"rgba(145,146,147,1)"
"rgba(145,146,148,1)"
"rgba(145,147,148,0)"
"rgba(145,147,148,0.016)"
"rgba(145,147,148,0.031)"
"rgba(145,147,148,0.055)"
"rgba(145,147,148,0.094)"
"rgba(145,147,148,0.386)"
"rgba(145,147,148,1)"
"rgba(145,147,149,0)"
"rgba(145,147,149,0.992)"
"rgba(145,147,149,1)"
"rgba(145,148,148,0)"
"rgba(145,148,149,0)"
"rgba(145,148,149,0.008)"
"rgba(145,148,149,0.016)"
"rgba(145,148,149,0.071)"
"rgba(145,148,149,0.165)"
"rgba(145,148,149,0.386)"
"rgba(146,147,148,1)"
"rgba(146,147,149,0.992)"
"rgba(146,147,149,1)"
"rgba(146,147,150,1)"
"rgba(146,148,149,0)"
"rgba(146,148,149,0.008)"
"rgba(146,148,149,0.165)"
"rgba(146,148,149,1)"
"rgba(146,148,150,0.055)"
"rgba(146,148,150,0.102)"
"rgba(146,148,150,0.11)"
"rgba(146,148,150,1)"
"rgba(146,148,151,1)"
"rgba(146,149,149,0)"
"rgba(146,149,150,0)"
"rgba(146,149,150,0.024)"
"rgba(146,149,150,0.094)"
"rgba(146,149,151,1)"
"rgba(147,147,150,1)"
"rgba(147,148,149,0)"
"rgba(147,148,149,1)"
"rgba(147,148,150,0)"
"rgba(147,148,150,0.008)"
"rgba(147,148,150,1)"
"rgba(147,149,149,0)"
"rgba(147,149,149,0.008)"
"rgba(147,149,150,0)"
"rgba(147,149,150,0.008)"
"rgba(147,149,150,0.039)"
"rgba(147,149,150,0.087)"
"rgba(147,149,150,1)"
"rgba(147,149,151,0.055)"
"rgba(147,149,151,0.22)"
"rgba(147,149,151,1)"
"rgba(147,150,150,1)"
"rgba(147,150,151,0.142)"
"rgba(147,150,151,1)"
"rgba(148,149,151,1)"
"rgba(148,150,150,1)"
"rgba(148,150,151,0.047)"
"rgba(148,150,151,0.071)"
"rgba(148,150,151,0.173)"
"rgba(148,150,151,0.244)"
"rgba(148,150,151,0.394)"
"rgba(148,150,151,0.417)"
"rgba(148,150,151,1)"
"rgba(148,150,152,0.039)"
"rgba(148,150,152,0.858)"
"rgba(148,150,152,0.906)"
"rgba(148,150,152,1)"
"rgba(148,151,152,1)"
"rgba(149,149,151,1)"
"rgba(149,150,152,1)"
"rgba(149,150,153,1)"
"rgba(149,151,152,0.071)"
"rgba(149,151,152,0.244)"
"rgba(149,151,152,0.472)"
"rgba(149,151,152,0.504)"
"rgba(149,151,152,1)"
"rgba(149,151,153,0.016)"
"rgba(149,151,153,0.063)"
"rgba(149,151,153,1)"
"rgba(149,151,154,1)"
"rgba(149,152,154,1)"
"rgba(150,151,153,1)"
"rgba(150,151,154,1)"
"rgba(150,152,153,0.063)"
"rgba(150,152,153,0.512)"
"rgba(150,152,153,0.748)"
"rgba(150,152,153,0.772)"
"rgba(150,152,153,0.953)"
"rgba(150,152,153,1)"
"rgba(150,152,154,0.787)"
"rgba(150,152,154,1)"
"rgba(150,153,154,0.205)"
"rgba(151,152,154,0.024)"
"rgba(151,152,154,1)"
"rgba(151,153,154,0.063)"
"rgba(151,153,154,0.142)"
"rgba(151,153,154,0.205)"
"rgba(151,153,154,0.268)"
"rgba(151,153,154,0.402)"
"rgba(151,153,154,0.409)"
"rgba(151,153,154,0.457)"
"rgba(151,153,154,1)"
"rgba(151,153,155,0.008)"
"rgba(151,153,155,0.024)"
"rgba(151,153,155,0.094)"
"rgba(151,153,155,0.244)"
"rgba(151,153,155,1)"
"rgba(151,153,156,1)"
"rgba(151,154,154,1)"
"rgba(151,154,155,1)"
"rgba(151,154,156,1)"
"rgba(152,153,155,1)"
"rgba(152,154,155,0.008)"
"rgba(152,154,155,0.181)"
"rgba(152,154,155,0.236)"
"rgba(152,154,155,0.315)"
"rgba(152,154,155,0.331)"
"rgba(152,154,155,0.465)"
"rgba(152,154,155,1)"
"rgba(152,154,156,0.039)"
"rgba(152,154,156,0.079)"
"rgba(152,154,156,1)"
"rgba(152,155,156,0.079)"
"rgba(152,155,156,1)"
"rgba(153,154,156,1)"
"rgba(153,154,157,1)"
"rgba(153,155,156,0.008)"
"rgba(153,155,156,0.071)"
"rgba(153,155,156,0.079)"
"rgba(153,155,156,0.11)"
"rgba(153,155,156,0.118)"
"rgba(153,155,156,0.142)"
"rgba(153,155,156,0.15)"
"rgba(153,155,156,0.205)"
"rgba(153,155,156,0.323)"
"rgba(153,155,156,0.89)"
"rgba(153,155,156,0.937)"
"rgba(153,155,156,0.992)"
"rgba(153,155,156,1)"
"rgba(153,155,157,0.008)"
"rgba(153,155,157,0.071)"
"rgba(153,155,157,0.126)"
"rgba(153,155,157,0.307)"
"rgba(153,155,157,0.315)"
"rgba(153,155,157,0.37)"
"rgba(153,155,157,1)"
"rgba(153,156,156,1)"
"rgba(153,156,157,0.331)"
"rgba(153,156,157,1)"
"rgba(153,156,158,1)"
"rgba(154,155,156,1)"
"rgba(154,155,157,1)"
"rgba(154,155,158,1)"
"rgba(154,156,156,1)"
"rgba(154,156,157,0.031)"
"rgba(154,156,157,0.047)"
"rgba(154,156,157,0.315)"
"rgba(154,156,157,0.756)"
"rgba(154,156,157,1)"
"rgba(154,156,158,0.024)"
"rgba(154,156,158,0.063)"
"rgba(154,156,158,0.134)"
"rgba(154,156,158,0.307)"
"rgba(154,156,158,1)"
"rgba(154,156,159,1)"
"rgba(155,156,158,1)"
"rgba(155,156,159,1)"
"rgba(155,157,158,0.016)"
"rgba(155,157,158,0.024)"
"rgba(155,157,158,0.055)"
"rgba(155,157,158,0.063)"
"rgba(155,157,158,0.15)"
"rgba(155,157,158,1)"
"rgba(155,157,159,0.039)"
"rgba(155,157,159,0.087)"
"rgba(155,157,159,0.094)"
"rgba(155,157,159,0.126)"
"rgba(155,157,159,0.276)"
"rgba(155,157,159,1)"
"rgba(155,158,159,0.016)"
"rgba(155,158,159,1)"
"rgba(156,157,158,1)"
"rgba(156,157,159,1)"
"rgba(156,157,160,1)"
"rgba(156,158,158,1)"
"rgba(156,158,159,0.016)"
"rgba(156,158,159,0.047)"
"rgba(156,158,159,0.055)"
"rgba(156,158,159,0.087)"
"rgba(156,158,159,0.173)"
"rgba(156,158,159,0.378)"
"rgba(156,158,159,0.386)"
"rgba(156,158,159,1)"
"rgba(156,158,160,0.024)"
"rgba(156,158,160,0.039)"
"rgba(156,158,160,0.118)"
"rgba(156,158,160,0.142)"
"rgba(156,158,160,0.22)"
"rgba(156,158,160,0.512)"
"rgba(156,158,160,1)"
"rgba(156,158,161,1)"
"rgba(156,159,160,0.016)"
"rgba(156,159,160,1)"
"rgba(157,158,159,1)"
"rgba(157,158,160,0.008)"
"rgba(157,158,160,0.449)"
"rgba(157,158,160,1)"
"rgba(157,158,161,1)"
"rgba(157,159,160,0.024)"
"rgba(157,159,160,0.031)"
"rgba(157,159,160,0.063)"
"rgba(157,159,160,0.11)"
"rgba(157,159,160,0.126)"
"rgba(157,159,160,0.205)"
"rgba(157,159,160,1)"
"rgba(157,159,161,0.055)"
"rgba(157,159,161,0.11)"
"rgba(157,159,161,0.134)"
"rgba(157,159,161,0.213)"
"rgba(157,159,161,0.315)"
"rgba(157,159,161,0.528)"
"rgba(157,159,161,1)"
"rgba(157,160,160,1)"
"rgba(157,160,161,1)"
"rgba(158,159,161,0.008)"
"rgba(158,159,161,0.016)"
"rgba(158,159,161,1)"
"rgba(158,159,162,1)"
"rgba(158,160,161,0.031)"
"rgba(158,160,161,0.039)"
"rgba(158,160,161,0.071)"
"rgba(158,160,161,0.094)"
"rgba(158,160,161,0.15)"
"rgba(158,160,161,0.331)"
"rgba(158,160,161,0.346)"
"rgba(158,160,161,0.417)"
"rgba(158,160,161,0.472)"
"rgba(158,160,161,0.63)"
"rgba(158,160,161,1)"
"rgba(158,160,162,0.11)"
"rgba(158,160,162,0.118)"
"rgba(158,160,162,0.142)"
"rgba(158,160,162,0.205)"
"rgba(158,160,162,0.252)"
"rgba(158,160,162,0.268)"
"rgba(158,160,162,1)"
"rgba(158,160,163,1)"
"rgba(158,161,162,0.055)"
"rgba(158,161,162,1)"
"rgba(158,161,163,1)"
"rgba(159,160,162,0.008)"
"rgba(159,160,162,0.047)"
"rgba(159,160,162,0.189)"
"rgba(159,160,162,1)"
"rgba(159,160,163,1)"
"rgba(159,161,162,0.047)"
"rgba(159,161,162,0.071)"
"rgba(159,161,162,0.094)"
"rgba(159,161,162,0.126)"
"rgba(159,161,162,0.354)"
"rgba(159,161,162,0.425)"
"rgba(159,161,162,1)"
"rgba(159,161,163,0.087)"
"rgba(159,161,163,0.181)"
"rgba(159,161,163,0.189)"
"rgba(159,161,163,0.205)"
"rgba(159,161,163,0.244)"
"rgba(159,161,163,0.268)"
"rgba(159,161,163,0.638)"
"rgba(159,161,163,1)"
"rgba(159,162,162,1)"
"rgba(159,162,163,1)"
"rgba(160,161,162,1)"
"rgba(160,161,163,1)"
"rgba(160,162,162,1)"
"rgba(160,162,163,0.024)"
"rgba(160,162,163,0.087)"
"rgba(160,162,163,0.094)"
"rgba(160,162,163,0.126)"
"rgba(160,162,163,0.134)"
"rgba(160,162,163,0.441)"
"rgba(160,162,163,0.465)"
"rgba(160,162,163,0.575)"
"rgba(160,162,163,0.858)"
"rgba(160,162,163,1)"
"rgba(160,162,164,0.039)"
"rgba(160,162,164,0.11)"
"rgba(160,162,164,0.181)"
"rgba(160,162,164,0.472)"
"rgba(160,162,164,0.709)"
"rgba(160,162,164,1)"
"rgba(160,163,163,1)"
"rgba(160,163,164,1)"
"rgba(161,162,163,1)"
"rgba(161,162,164,0.016)"
"rgba(161,162,164,0.252)"
"rgba(161,162,164,0.268)"
"rgba(161,162,164,0.496)"
"rgba(161,162,164,1)"
"rgba(161,163,163,1)"
"rgba(161,163,164,0.008)"
"rgba(161,163,164,0.016)"
"rgba(161,163,164,0.039)"
"rgba(161,163,164,0.047)"
"rgba(161,163,164,0.063)"
"rgba(161,163,164,0.087)"
"rgba(161,163,164,0.094)"
"rgba(161,163,164,0.102)"
"rgba(161,163,164,0.142)"
"rgba(161,163,164,0.205)"
"rgba(161,163,164,0.252)"
"rgba(161,163,164,0.276)"
"rgba(161,163,164,0.37)"
"rgba(161,163,164,0.425)"
"rgba(161,163,164,0.756)"
"rgba(161,163,164,0.89)"
"rgba(161,163,164,0.969)"
"rgba(161,163,164,1)"
"rgba(161,163,165,0.165)"
"rgba(161,163,165,0.181)"
"rgba(161,163,165,0.331)"
"rgba(161,163,165,1)"
"rgba(161,164,164,1)"
"rgba(161,164,165,1)"
"rgba(162,163,164,1)"
"rgba(162,163,165,0.016)"
"rgba(162,163,165,0.031)"
"rgba(162,163,165,0.047)"
"rgba(162,163,165,0.48)"
"rgba(162,163,165,1)"
"rgba(162,164,164,1)"
"rgba(162,164,165,0.047)"
"rgba(162,164,165,0.055)"
"rgba(162,164,165,0.063)"
"rgba(162,164,165,0.087)"
"rgba(162,164,165,0.118)"
"rgba(162,164,165,0.126)"
"rgba(162,164,165,0.173)"
"rgba(162,164,165,0.197)"
"rgba(162,164,165,0.205)"
"rgba(162,164,165,0.283)"
"rgba(162,164,165,0.299)"
"rgba(162,164,165,0.583)"
"rgba(162,164,165,1)"
"rgba(162,164,166,0.024)"
"rgba(162,164,166,0.047)"
"rgba(162,164,166,0.173)"
"rgba(162,164,166,0.205)"
"rgba(162,164,166,0.307)"
"rgba(162,164,166,0.48)"
"rgba(162,164,166,0.512)"
"rgba(162,164,166,1)"
"rgba(162,165,165,1)"
"rgba(162,165,166,0.189)"
"rgba(162,165,166,1)"
"rgba(163,163,166,0.008)"
"rgba(163,164,165,0.008)"
"rgba(163,164,165,0.024)"
"rgba(163,164,165,0.031)"
"rgba(163,164,165,1)"
"rgba(163,164,166,0)"
"rgba(163,164,166,0.008)"
"rgba(163,164,166,0.016)"
"rgba(163,164,166,0.039)"
"rgba(163,164,166,0.055)"
"rgba(163,164,166,0.48)"
"rgba(163,164,166,1)"
"rgba(163,164,167,1)"
"rgba(163,165,166,0.008)"
"rgba(163,165,166,0.016)"
"rgba(163,165,166,0.024)"
"rgba(163,165,166,0.055)"
"rgba(163,165,166,0.063)"
"rgba(163,165,166,0.071)"
"rgba(163,165,166,0.087)"
"rgba(163,165,166,0.094)"
"rgba(163,165,166,0.102)"
"rgba(163,165,166,0.118)"
"rgba(163,165,166,0.126)"
"rgba(163,165,166,0.142)"
"rgba(163,165,166,0.157)"
"rgba(163,165,166,0.173)"
"rgba(163,165,166,0.181)"
"rgba(163,165,166,0.205)"
"rgba(163,165,166,0.22)"
"rgba(163,165,166,0.26)"
"rgba(163,165,166,0.283)"
"rgba(163,165,166,0.331)"
"rgba(163,165,166,0.378)"
"rgba(163,165,166,0.433)"
"rgba(163,165,166,0.598)"
"rgba(163,165,166,0.614)"
"rgba(163,165,166,0.638)"
"rgba(163,165,166,0.906)"
"rgba(163,165,166,0.929)"
"rgba(163,165,166,0.937)"
"rgba(163,165,166,0.969)"
"rgba(163,165,166,1)"
"rgba(163,165,167,0.071)"
"rgba(163,165,167,0.22)"
"rgba(163,165,167,0.394)"
"rgba(163,165,167,0.772)"
"rgba(163,165,167,1)"
"rgba(163,166,167,0.488)"
"rgba(164,164,166,1)"
"rgba(164,165,166,1)"
"rgba(164,165,167,0.079)"
"rgba(164,165,167,0.512)"
"rgba(164,165,167,0.685)"
"rgba(164,165,167,0.961)"
"rgba(164,165,167,1)"
"rgba(164,165,168,1)"
"rgba(164,166,167,0.055)"
"rgba(164,166,167,0.063)"
"rgba(164,166,167,0.094)"
"rgba(164,166,167,0.157)"
"rgba(164,166,167,0.165)"
"rgba(164,166,167,0.173)"
"rgba(164,166,167,0.213)"
"rgba(164,166,167,0.268)"
"rgba(164,166,167,0.378)"
"rgba(164,166,167,0.425)"
"rgba(164,166,167,0.583)"
"rgba(164,166,167,0.669)"
"rgba(164,166,167,0.976)"
"rgba(164,166,167,1)"
"rgba(164,166,168,0.031)"
"rgba(164,166,168,0.063)"
"rgba(164,166,168,0.11)"
"rgba(164,166,168,0.126)"
"rgba(164,166,168,0.315)"
"rgba(164,166,168,0.756)"
"rgba(164,166,168,1)"
"rgba(164,167,167,1)"
"rgba(164,167,168,1)"
"rgba(165,166,167,1)"
"rgba(165,166,168,0.157)"
"rgba(165,166,168,1)"
"rgba(165,166,169,1)"
"rgba(165,167,167,1)"
"rgba(165,167,168,0.039)"
"rgba(165,167,168,0.071)"
"rgba(165,167,168,0.079)"
"rgba(165,167,168,0.094)"
"rgba(165,167,168,0.11)"
"rgba(165,167,168,0.134)"
"rgba(165,167,168,0.181)"
"rgba(165,167,168,0.26)"
"rgba(165,167,168,0.268)"
"rgba(165,167,168,0.283)"
"rgba(165,167,168,0.291)"
"rgba(165,167,168,0.299)"
"rgba(165,167,168,0.354)"
"rgba(165,167,168,0.362)"
"rgba(165,167,168,0.409)"
"rgba(165,167,168,0.465)"
"rgba(165,167,168,0.496)"
"rgba(165,167,168,0.512)"
"rgba(165,167,168,0.567)"
"rgba(165,167,168,0.591)"
"rgba(165,167,168,0.677)"
"rgba(165,167,168,0.693)"
"rgba(165,167,168,0.74)"
"rgba(165,167,168,1)"
"rgba(165,167,169,0.063)"
"rgba(165,167,169,0.071)"
"rgba(165,167,169,0.181)"
"rgba(165,167,169,0.213)"
"rgba(165,167,169,0.268)"
"rgba(165,167,169,0.394)"
"rgba(165,167,169,0.402)"
"rgba(165,167,169,0.465)"
"rgba(165,167,169,0.488)"
"rgba(165,167,169,0.685)"
"rgba(165,167,169,1)"
"rgba(166,166,168,1)"
"rgba(166,166,169,1)"
"rgba(166,167,169,0.039)"
"rgba(166,167,169,0.213)"
"rgba(166,167,169,0.283)"
"rgba(166,167,169,1)"
"rgba(166,167,170,1)"
"rgba(166,168,168,0.039)"
"rgba(166,168,169,0.047)"
"rgba(166,168,169,0.071)"
"rgba(166,168,169,0.079)"
"rgba(166,168,169,0.087)"
"rgba(166,168,169,0.126)"
"rgba(166,168,169,0.134)"
"rgba(166,168,169,0.205)"
"rgba(166,168,169,0.213)"
"rgba(166,168,169,0.228)"
"rgba(166,168,169,0.252)"
"rgba(166,168,169,0.307)"
"rgba(166,168,169,0.315)"
"rgba(166,168,169,0.323)"
"rgba(166,168,169,0.378)"
"rgba(166,168,169,0.488)"
"rgba(166,168,169,0.543)"
"rgba(166,168,169,0.614)"
"rgba(166,168,169,0.764)"
"rgba(166,168,169,1)"
"rgba(166,168,170,0.102)"
"rgba(166,168,170,0.134)"
"rgba(166,168,170,0.181)"
"rgba(166,168,170,0.276)"
"rgba(166,168,170,0.535)"
"rgba(166,168,170,0.638)"
"rgba(166,168,170,1)"
"rgba(167,167,169,1)"
"rgba(167,167,170,1)"
"rgba(167,168,169,1)"
"rgba(167,168,170,0.339)"
"rgba(167,168,170,1)"
"rgba(167,168,171,1)"
"rgba(167,169,170,0.039)"
"rgba(167,169,170,0.126)"
"rgba(167,169,170,0.134)"
"rgba(167,169,170,0.173)"
"rgba(167,169,170,0.22)"
"rgba(167,169,170,0.236)"
"rgba(167,169,170,0.244)"
"rgba(167,169,170,0.252)"
"rgba(167,169,170,0.26)"
"rgba(167,169,170,0.276)"
"rgba(167,169,170,0.307)"
"rgba(167,169,170,0.339)"
"rgba(167,169,170,0.346)"
"rgba(167,169,170,0.354)"
"rgba(167,169,170,0.362)"
"rgba(167,169,170,0.386)"
"rgba(167,169,170,0.394)"
"rgba(167,169,170,0.425)"
"rgba(167,169,170,0.441)"
"rgba(167,169,170,0.457)"
"rgba(167,169,170,0.472)"
"rgba(167,169,170,0.496)"
"rgba(167,169,170,0.512)"
"rgba(167,169,170,0.52)"
"rgba(167,169,170,0.535)"
"rgba(167,169,170,0.583)"
"rgba(167,169,170,0.646)"
"rgba(167,169,170,0.677)"
"rgba(167,169,170,0.685)"
"rgba(167,169,170,0.732)"
"rgba(167,169,170,0.74)"
"rgba(167,169,170,0.85)"
"rgba(167,169,170,1)"
"rgba(167,169,171,0.055)"
"rgba(167,169,171,0.079)"
"rgba(167,169,171,0.087)"
"rgba(167,169,171,0.094)"
"rgba(167,169,171,0.11)"
"rgba(167,169,171,0.165)"
"rgba(167,169,171,0.512)"
"rgba(167,169,171,0.551)"
"rgba(167,169,171,0.591)"
"rgba(168,168,170,1)"
"rgba(168,168,171,1)"
"rgba(168,168,172,1)"
"rgba(168,169,171,0.48)"
"rgba(168,169,171,1)"
"rgba(168,169,172,1)"
"rgba(168,170,171,0.071)"
"rgba(168,170,171,0.079)"
"rgba(168,170,171,0.087)"
"rgba(168,170,171,0.118)"
"rgba(168,170,171,0.134)"
"rgba(168,170,171,0.213)"
"rgba(168,170,171,0.236)"
"rgba(168,170,171,0.268)"
"rgba(168,170,171,0.276)"
"rgba(168,170,171,0.291)"
"rgba(168,170,171,0.299)"
"rgba(168,170,171,0.339)"
"rgba(168,170,171,0.354)"
"rgba(168,170,171,0.386)"
"rgba(168,170,171,0.394)"
"rgba(168,170,171,0.417)"
"rgba(168,170,171,0.512)"
"rgba(168,170,171,0.535)"
"rgba(168,170,171,0.543)"
"rgba(168,170,171,0.551)"
"rgba(168,170,171,0.606)"
"rgba(168,170,171,0.669)"
"rgba(168,170,171,0.677)"
"rgba(168,170,171,0.709)"
"rgba(168,170,171,0.74)"
"rgba(168,170,171,0.772)"
"rgba(168,170,171,1)"
"rgba(168,170,172,0.291)"
"rgba(168,170,172,0.315)"
"rgba(168,170,172,0.37)"
"rgba(168,170,172,0.567)"
"rgba(168,170,172,0.638)"
"rgba(168,170,172,0.74)"
"rgba(168,170,172,1)"
"rgba(168,171,172,1)"
"rgba(168,171,173,0.063)"
"rgba(169,169,171,1)"
"rgba(169,169,172,1)"
"rgba(169,170,171,1)"
"rgba(169,170,172,0.055)"
"rgba(169,170,172,1)"
"rgba(169,170,173,1)"
"rgba(169,171,171,0.087)"
"rgba(169,171,171,1)"
"rgba(169,171,172,0.063)"
"rgba(169,171,172,0.252)"
"rgba(169,171,172,0.291)"
"rgba(169,171,172,0.307)"
"rgba(169,171,172,0.323)"
"rgba(169,171,172,0.386)"
"rgba(169,171,172,0.402)"
"rgba(169,171,172,0.449)"
"rgba(169,171,172,0.457)"
"rgba(169,171,172,0.48)"
"rgba(169,171,172,0.488)"
"rgba(169,171,172,0.496)"
"rgba(169,171,172,0.52)"
"rgba(169,171,172,0.528)"
"rgba(169,171,172,0.535)"
"rgba(169,171,172,0.567)"
"rgba(169,171,172,0.575)"
"rgba(169,171,172,0.591)"
"rgba(169,171,172,0.654)"
"rgba(169,171,172,0.677)"
"rgba(169,171,172,0.685)"
"rgba(169,171,172,0.701)"
"rgba(169,171,172,0.709)"
"rgba(169,171,172,0.732)"
"rgba(169,171,172,0.74)"
"rgba(169,171,172,0.78)"
"rgba(169,171,172,0.811)"
"rgba(169,171,172,0.819)"
"rgba(169,171,172,0.921)"
"rgba(169,171,172,0.976)"
"rgba(169,171,172,1)"
"rgba(169,171,173,0.181)"
"rgba(169,171,173,0.535)"
"rgba(169,171,173,0.661)"
"rgba(169,171,173,0.717)"
"rgba(169,171,173,0.85)"
"rgba(169,171,173,0.929)"
"rgba(169,171,173,0.984)"
"rgba(169,171,173,1)"
"rgba(169,172,173,1)"
"rgba(169,172,174,1)"
"rgba(170,170,173,1)"
"rgba(170,171,172,1)"
"rgba(170,171,173,0.748)"
"rgba(170,171,173,1)"
"rgba(170,171,174,1)"
"rgba(170,172,173,0.11)"
"rgba(170,172,173,0.118)"
"rgba(170,172,173,0.134)"
"rgba(170,172,173,0.354)"
"rgba(170,172,173,0.378)"
"rgba(170,172,173,0.465)"
"rgba(170,172,173,0.472)"
"rgba(170,172,173,0.488)"
"rgba(170,172,173,0.496)"
"rgba(170,172,173,0.551)"
"rgba(170,172,173,0.559)"
"rgba(170,172,173,0.575)"
"rgba(170,172,173,0.583)"
"rgba(170,172,173,0.654)"
"rgba(170,172,173,0.677)"
"rgba(170,172,173,0.693)"
"rgba(170,172,173,0.709)"
"rgba(170,172,173,0.78)"
"rgba(170,172,173,0.843)"
"rgba(170,172,173,0.858)"
"rgba(170,172,173,0.913)"
"rgba(170,172,173,0.929)"
"rgba(170,172,173,1)"
"rgba(170,172,174,0.559)"
"rgba(170,172,174,0.669)"
"rgba(170,172,174,0.709)"
"rgba(170,172,174,0.717)"
"rgba(170,172,174,0.787)"
"rgba(170,172,174,0.866)"
"rgba(170,172,174,1)"
"rgba(170,173,175,1)"
"rgba(171,172,173,1)"
"rgba(171,172,174,1)"
"rgba(171,172,175,1)"
"rgba(171,173,174,0.11)"
"rgba(171,173,174,0.433)"
"rgba(171,173,174,0.496)"
"rgba(171,173,174,0.504)"
"rgba(171,173,174,0.528)"
"rgba(171,173,174,0.535)"
"rgba(171,173,174,0.543)"
"rgba(171,173,174,0.551)"
"rgba(171,173,174,0.583)"
"rgba(171,173,174,0.598)"
"rgba(171,173,174,0.654)"
"rgba(171,173,174,0.669)"
"rgba(171,173,174,0.677)"
"rgba(171,173,174,0.685)"
"rgba(171,173,174,0.693)"
"rgba(171,173,174,0.74)"
"rgba(171,173,174,0.78)"
"rgba(171,173,174,0.835)"
"rgba(171,173,174,0.882)"
"rgba(171,173,174,1)"
"rgba(171,173,175,0.622)"
"rgba(171,173,175,0.63)"
"rgba(171,173,175,0.638)"
"rgba(171,173,175,0.693)"
"rgba(171,173,175,0.772)"
"rgba(171,173,175,1)"
"rgba(171,174,175,1)"
"rgba(172,172,175,1)"
"rgba(172,173,174,0.646)"
"rgba(172,173,174,1)"
"rgba(172,173,175,0.598)"
"rgba(172,173,175,0.709)"
"rgba(172,173,175,0.929)"
"rgba(172,173,175,1)"
"rgba(172,173,176,1)"
"rgba(172,174,174,1)"
"rgba(172,174,175,0.535)"
"rgba(172,174,175,0.591)"
"rgba(172,174,175,0.622)"
"rgba(172,174,175,0.63)"
"rgba(172,174,175,0.638)"
"rgba(172,174,175,0.646)"
"rgba(172,174,175,0.654)"
"rgba(172,174,175,0.677)"
"rgba(172,174,175,0.685)"
"rgba(172,174,175,0.803)"
"rgba(172,174,175,0.819)"
"rgba(172,174,175,0.827)"
"rgba(172,174,175,0.85)"
"rgba(172,174,175,0.913)"
"rgba(172,174,175,1)"
"rgba(172,174,176,0.598)"
"rgba(172,174,176,0.709)"
"rgba(172,174,176,0.795)"
"rgba(172,174,176,0.827)"
"rgba(172,174,176,0.913)"
"rgba(172,174,176,1)"
"rgba(172,174,177,1)"
"rgba(172,175,177,1)"
"rgba(173,173,175,1)"
"rgba(173,174,175,0.654)"
"rgba(173,174,176,0.732)"
"rgba(173,174,176,0.89)"
"rgba(173,174,176,1)"
"rgba(173,174,177,1)"
"rgba(173,175,175,1)"
"rgba(173,175,176,0.11)"
"rgba(173,175,176,0.591)"
"rgba(173,175,176,0.598)"
"rgba(173,175,176,0.638)"
"rgba(173,175,176,0.654)"
"rgba(173,175,176,0.669)"
"rgba(173,175,176,0.685)"
"rgba(173,175,176,0.701)"
"rgba(173,175,176,0.732)"
"rgba(173,175,176,0.748)"
"rgba(173,175,176,0.756)"
"rgba(173,175,176,0.772)"
"rgba(173,175,176,0.787)"
"rgba(173,175,176,0.803)"
"rgba(173,175,176,0.811)"
"rgba(173,175,176,0.819)"
"rgba(173,175,176,0.827)"
"rgba(173,175,176,0.843)"
"rgba(173,175,176,0.89)"
"rgba(173,175,176,0.913)"
"rgba(173,175,176,0.929)"
"rgba(173,175,176,0.945)"
"rgba(173,175,176,1)"
"rgba(173,175,177,0.772)"
"rgba(173,175,177,0.78)"
"rgba(173,175,177,0.795)"
"rgba(173,175,177,1)"
"rgba(173,176,176,1)"
"rgba(173,176,177,1)"
"rgba(174,175,176,1)"
"rgba(174,175,177,0.669)"
"rgba(174,175,177,0.795)"
"rgba(174,175,177,1)"
"rgba(174,175,178,1)"
"rgba(174,176,176,1)"
"rgba(174,176,177,0.669)"
"rgba(174,176,177,0.677)"
"rgba(174,176,177,0.732)"
"rgba(174,176,177,0.748)"
"rgba(174,176,177,0.78)"
"rgba(174,176,177,0.803)"
"rgba(174,176,177,0.811)"
"rgba(174,176,177,0.819)"
"rgba(174,176,177,0.827)"
"rgba(174,176,177,0.835)"
"rgba(174,176,177,0.85)"
"rgba(174,176,177,0.858)"
"rgba(174,176,177,0.921)"
"rgba(174,176,177,0.945)"
"rgba(174,176,177,1)"
"rgba(174,176,178,0.906)"
"rgba(174,176,178,0.929)"
"rgba(174,176,178,0.961)"
"rgba(174,176,178,1)"
"rgba(174,176,179,1)"
"rgba(174,177,178,1)"
"rgba(175,175,177,1)"
"rgba(175,175,178,1)"
"rgba(175,176,177,0.134)"
"rgba(175,176,177,0.756)"
"rgba(175,176,178,0.764)"
"rgba(175,176,178,0.906)"
"rgba(175,176,178,1)"
"rgba(175,176,179,1)"
"rgba(175,177,177,0.134)"
"rgba(175,177,178,0.134)"
"rgba(175,177,178,0.693)"
"rgba(175,177,178,0.701)"
"rgba(175,177,178,0.756)"
"rgba(175,177,178,0.764)"
"rgba(175,177,178,0.772)"
"rgba(175,177,178,0.787)"
"rgba(175,177,178,0.811)"
"rgba(175,177,178,0.819)"
"rgba(175,177,178,0.827)"
"rgba(175,177,178,0.835)"
"rgba(175,177,178,0.843)"
"rgba(175,177,178,0.89)"
"rgba(175,177,178,0.898)"
"rgba(175,177,178,0.906)"
"rgba(175,177,178,0.929)"
"rgba(175,177,178,0.937)"
"rgba(175,177,178,0.945)"
"rgba(175,177,178,1)"
"rgba(175,177,179,0.78)"
"rgba(175,177,179,1)"
"rgba(175,178,178,1)"
"rgba(175,178,179,1)"
"rgba(176,177,178,0.787)"
"rgba(176,177,178,0.835)"
"rgba(176,177,178,0.882)"
"rgba(176,177,178,1)"
"rgba(176,177,179,0.906)"
"rgba(176,177,179,0.976)"
"rgba(176,177,179,0.992)"
"rgba(176,177,179,1)"
"rgba(176,177,180,1)"
"rgba(176,178,178,1)"
"rgba(176,178,179,0.732)"
"rgba(176,178,179,0.74)"
"rgba(176,178,179,0.748)"
"rgba(176,178,179,0.772)"
"rgba(176,178,179,0.819)"
"rgba(176,178,179,0.827)"
"rgba(176,178,179,0.835)"
"rgba(176,178,179,0.874)"
"rgba(176,178,179,0.906)"
"rgba(176,178,179,0.913)"
"rgba(176,178,179,0.937)"
"rgba(176,178,179,0.953)"
"rgba(176,178,179,0.961)"
"rgba(176,178,179,0.969)"
"rgba(176,178,179,0.976)"
"rgba(176,178,179,0.992)"
"rgba(176,178,179,1)"
"rgba(176,178,180,0.984)"
"rgba(176,178,180,1)"
"rgba(177,177,179,1)"
"rgba(177,178,179,0.748)"
"rgba(177,178,179,0.772)"
"rgba(177,178,179,0.827)"
"rgba(177,178,179,1)"
"rgba(177,178,180,0.992)"
"rgba(177,178,180,1)"
"rgba(177,179,180,0.724)"
"rgba(177,179,180,0.772)"
"rgba(177,179,180,0.811)"
"rgba(177,179,180,0.827)"
"rgba(177,179,180,0.835)"
"rgba(177,179,180,0.874)"
"rgba(177,179,180,0.882)"
"rgba(177,179,180,0.898)"
"rgba(177,179,180,0.937)"
"rgba(177,179,180,0.945)"
"rgba(177,179,180,0.953)"
"rgba(177,179,180,0.961)"
"rgba(177,179,180,0.969)"
"rgba(177,179,180,0.976)"
"rgba(177,179,180,0.984)"
"rgba(177,179,180,0.992)"
"rgba(177,179,180,1)"
"rgba(177,179,181,1)"
"rgba(177,180,180,1)"
"rgba(177,180,181,1)"
"rgba(178,179,180,0.811)"
"rgba(178,179,180,0.882)"
"rgba(178,179,180,1)"
"rgba(178,179,181,0.984)"
"rgba(178,179,181,1)"
"rgba(178,180,181,0.835)"
"rgba(178,180,181,0.85)"
"rgba(178,180,181,0.874)"
"rgba(178,180,181,0.882)"
"rgba(178,180,181,0.906)"
"rgba(178,180,181,0.913)"
"rgba(178,180,181,0.921)"
"rgba(178,180,181,0.929)"
"rgba(178,180,181,0.937)"
"rgba(178,180,181,0.969)"
"rgba(178,180,181,0.984)"
"rgba(178,180,181,0.992)"
"rgba(178,180,181,1)"
"rgba(178,180,182,0.858)"
"rgba(178,180,182,1)"
"rgba(178,181,181,1)"
"rgba(178,181,182,1)"
"rgba(179,180,181,0.827)"
"rgba(179,180,181,0.866)"
"rgba(179,180,181,0.874)"
"rgba(179,180,181,1)"
"rgba(179,180,182,1)"
"rgba(179,181,181,1)"
"rgba(179,181,182,0.811)"
"rgba(179,181,182,0.858)"
"rgba(179,181,182,0.874)"
"rgba(179,181,182,0.906)"
"rgba(179,181,182,0.913)"
"rgba(179,181,182,0.929)"
"rgba(179,181,182,0.937)"
"rgba(179,181,182,0.969)"
"rgba(179,181,182,0.984)"
"rgba(179,181,182,0.992)"
"rgba(179,181,182,1)"
"rgba(179,181,183,1)"
"rgba(179,182,182,1)"
"rgba(179,182,183,1)"
"rgba(180,181,182,0.85)"
"rgba(180,181,182,0.929)"
"rgba(180,181,182,0.992)"
"rgba(180,181,182,1)"
"rgba(180,181,183,0.795)"
"rgba(180,181,183,0.961)"
"rgba(180,181,183,1)"
"rgba(180,181,184,1)"
"rgba(180,182,182,1)"
"rgba(180,182,183,0.85)"
"rgba(180,182,183,0.874)"
"rgba(180,182,183,0.921)"
"rgba(180,182,183,0.953)"
"rgba(180,182,183,0.976)"
"rgba(180,182,183,0.984)"
"rgba(180,182,183,1)"
"rgba(180,182,184,1)"
"rgba(181,181,183,1)"
"rgba(181,181,184,1)"
"rgba(181,182,183,0.953)"
"rgba(181,182,183,0.961)"
"rgba(181,182,183,1)"
"rgba(181,182,184,1)"
"rgba(181,183,183,1)"
"rgba(181,183,184,0.866)"
"rgba(181,183,184,0.874)"
"rgba(181,183,184,0.882)"
"rgba(181,183,184,0.898)"
"rgba(181,183,184,0.906)"
"rgba(181,183,184,0.921)"
"rgba(181,183,184,0.992)"
"rgba(181,183,184,1)"
"rgba(181,183,185,1)"
"rgba(181,184,184,1)"
"rgba(181,184,185,1)"
"rgba(182,182,183,1)"
"rgba(182,183,183,1)"
"rgba(182,183,184,0.882)"
"rgba(182,183,184,0.906)"
"rgba(182,183,184,0.913)"
"rgba(182,183,184,0.945)"
"rgba(182,183,184,1)"
"rgba(182,183,185,0.945)"
"rgba(182,183,185,0.953)"
"rgba(182,183,185,0.976)"
"rgba(182,183,185,1)"
"rgba(182,184,184,0.866)"
"rgba(182,184,185,0.882)"
"rgba(182,184,185,0.913)"
"rgba(182,184,185,0.937)"
"rgba(182,184,185,0.945)"
"rgba(182,184,185,0.961)"
"rgba(182,184,185,0.976)"
"rgba(182,184,185,0.992)"
"rgba(182,184,185,1)"
"rgba(182,184,186,1)"
"rgba(183,183,185,1)"
"rgba(183,183,186,1)"
"rgba(183,184,185,0.898)"
"rgba(183,184,185,0.992)"
"rgba(183,184,185,1)"
"rgba(183,184,186,0.992)"
"rgba(183,184,186,1)"
"rgba(183,185,185,0.882)"
"rgba(183,185,185,1)"
"rgba(183,185,186,0.913)"
"rgba(183,185,186,0.921)"
"rgba(183,185,186,0.961)"
"rgba(183,185,186,0.976)"
"rgba(183,185,186,0.984)"
"rgba(183,185,186,0.992)"
"rgba(183,185,186,1)"
"rgba(183,185,187,1)"
"rgba(183,186,187,1)"
"rgba(184,184,185,1)"
"rgba(184,184,186,1)"
"rgba(184,185,185,1)"
"rgba(184,185,186,0.89)"
"rgba(184,185,186,0.906)"
"rgba(184,185,186,1)"
"rgba(184,185,187,0.992)"
"rgba(184,185,187,1)"
"rgba(184,185,188,1)"
"rgba(184,186,186,1)"
"rgba(184,186,187,0.898)"
"rgba(184,186,187,0.937)"
"rgba(184,186,187,0.945)"
"rgba(184,186,187,0.992)"
"rgba(184,186,187,1)"
"rgba(185,185,187,1)"
"rgba(185,186,187,0.898)"
"rgba(185,186,187,0.992)"
"rgba(185,186,187,1)"
"rgba(185,186,188,0.961)"
"rgba(185,186,188,1)"
"rgba(185,187,187,1)"
"rgba(185,187,188,0.921)"
"rgba(185,187,188,0.945)"
"rgba(185,187,188,0.961)"
"rgba(185,187,188,0.969)"
"rgba(185,187,188,0.992)"
"rgba(185,187,188,1)"
"rgba(186,186,187,1)"
"rgba(186,187,188,0.913)"
"rgba(186,187,188,0.921)"
"rgba(186,187,188,0.992)"
"rgba(186,187,188,1)"
"rgba(186,187,189,0.945)"
"rgba(186,187,189,1)"
"rgba(186,188,188,1)"
"rgba(186,188,189,0.921)"
"rgba(186,188,189,0.961)"
"rgba(186,188,189,0.976)"
"rgba(186,188,189,0.984)"
"rgba(186,188,189,1)"
"rgba(187,187,188,1)"
"rgba(187,187,189,1)"
"rgba(187,188,189,0.929)"
"rgba(187,188,189,0.976)"
"rgba(187,188,189,0.984)"
"rgba(187,188,189,1)"
"rgba(187,188,190,1)"
"rgba(187,189,189,1)"
"rgba(187,189,190,0.913)"
"rgba(187,189,190,0.937)"
"rgba(187,189,190,0.953)"
"rgba(187,189,190,0.984)"
"rgba(187,189,190,1)"
"rgba(187,189,191,1)"
"rgba(187,190,190,1)"
"rgba(187,190,191,1)"
"rgba(188,189,189,1)"
"rgba(188,189,190,0.929)"
"rgba(188,189,190,0.953)"
"rgba(188,189,190,0.984)"
"rgba(188,189,190,1)"
"rgba(188,189,191,1)"
"rgba(188,190,190,1)"
"rgba(188,190,191,0.945)"
"rgba(188,190,191,0.984)"
"rgba(188,190,191,1)"
"rgba(189,190,191,0.953)"
"rgba(189,190,191,0.961)"
"rgba(189,190,191,0.984)"
"rgba(189,190,191,1)"
"rgba(189,190,192,1)"
"rgba(189,191,191,1)"
"rgba(189,191,192,0.945)"
"rgba(189,191,192,0.961)"
"rgba(189,191,192,0.992)"
"rgba(189,191,192,1)"
"rgba(190,190,191,1)"
"rgba(190,191,191,0.929)"
"rgba(190,191,191,1)"
"rgba(190,191,192,0.953)"
"rgba(190,191,192,0.961)"
"rgba(190,191,192,0.984)"
"rgba(190,191,192,1)"
"rgba(190,191,193,1)"
"rgba(190,192,192,0.992)"
"rgba(190,192,193,0.984)"
"rgba(190,192,193,1)"
"rgba(191,191,192,1)"
"rgba(191,191,193,1)"
"rgba(191,192,192,1)"
"rgba(191,192,193,1)"
"rgba(191,193,193,1)"
"rgba(191,193,194,0.953)"
"rgba(191,193,194,0.969)"
"rgba(191,193,194,1)"
"rgba(192,192,193,1)"
"rgba(192,192,194,1)"
"rgba(192,193,193,1)"
"rgba(192,193,194,0.953)"
"rgba(192,193,194,0.976)"
"rgba(192,193,194,0.992)"
"rgba(192,193,194,1)"
"rgba(192,194,195,0.984)"
"rgba(192,194,195,1)"
"rgba(193,193,194,1)"
"rgba(193,193,195,1)"
"rgba(193,194,194,1)"
"rgba(193,194,195,0.976)"
"rgba(193,194,195,0.984)"
"rgba(193,194,195,1)"
"rgba(193,194,196,1)"
"rgba(193,195,195,0.992)"
"rgba(193,195,195,1)"
"rgba(193,195,196,0.992)"
"rgba(193,195,196,1)"
"rgba(194,195,195,1)"
"rgba(194,195,196,0.969)"
"rgba(194,195,196,0.992)"
"rgba(194,195,196,1)"
"rgba(194,195,197,1)"
"rgba(194,196,196,1)"
"rgba(194,196,197,1)"
"rgba(194,196,198,1)"
"rgba(195,196,197,0.969)"
"rgba(195,196,197,0.976)"
"rgba(195,196,197,1)"
"rgba(195,196,198,1)"
"rgba(195,197,197,1)"
"rgba(195,197,198,1)"
"rgba(196,197,197,1)"
"rgba(196,197,198,0.953)"
"rgba(196,197,198,0.961)"
"rgba(196,197,198,0.984)"
"rgba(196,197,198,1)"
"rgba(196,197,199,1)"
"rgba(196,198,198,1)"
"rgba(196,198,199,1)"
"rgba(197,197,199,1)"
"rgba(197,198,199,0.969)"
"rgba(197,198,199,0.992)"
"rgba(197,198,199,1)"
"rgba(197,198,200,0.969)"
"rgba(197,199,200,1)"
"rgba(198,199,199,1)"
"rgba(198,199,200,0.984)"
"rgba(198,199,200,0.992)"
"rgba(198,199,200,1)"
"rgba(198,199,201,1)"
"rgba(198,200,200,1)"
"rgba(198,200,201,1)"
"rgba(199,199,200,1)"
"rgba(199,199,201,1)"
"rgba(199,200,201,0.992)"
"rgba(199,200,201,1)"
"rgba(199,200,202,0.976)"
"rgba(199,201,201,1)"
"rgba(199,201,202,1)"
"rgba(200,201,201,1)"
"rgba(200,201,202,0.969)"
"rgba(200,201,202,1)"
"rgba(200,202,203,1)"
"rgba(201,201,202,1)"
"rgba(201,202,202,1)"
"rgba(201,202,203,0.992)"
"rgba(201,202,203,1)"
"rgba(201,203,203,1)"
"rgba(201,203,204,1)"
"rgba(202,202,203,1)"
"rgba(202,203,203,1)"
"rgba(202,203,204,0.984)"
"rgba(202,203,204,1)"
"rgba(202,204,204,1)"
"rgba(203,203,204,1)"
"rgba(203,204,204,1)"
"rgba(203,204,205,0.984)"
"rgba(203,204,205,1)"
"rgba(203,205,205,1)"
"rgba(204,204,205,1)"
"rgba(204,205,205,1)"
"rgba(204,205,206,1)"
"rgba(204,206,206,1)"
"rgba(205,205,206,1)"
"rgba(205,206,206,1)"
"rgba(205,206,207,0.992)"
"rgba(205,206,207,1)"
"rgba(205,207,207,1)"
"rgba(206,207,207,1)"
"rgba(206,207,208,1)"
"rgba(206,208,208,1)"
"rgba(207,208,208,1)"
"rgba(207,208,209,1)"
"rgba(208,208,209,1)"
"rgba(208,209,209,1)"
"rgba(208,209,210,1)"
"rgba(209,209,210,1)"
"rgba(209,210,210,1)"
"rgba(209,210,211,1)"
"rgba(210,210,211,1)"
"rgba(210,211,211,1)"
"rgba(210,211,212,1)"
"rgba(211,211,212,1)"
"rgba(211,212,212,1)"
"rgba(211,212,213,1)"
"rgba(212,212,213,1)"
"rgba(212,213,213,1)"
"rgba(212,213,214,1)"
"rgba(213,213,214,1)"
"rgba(213,214,214,1)"
"rgba(213,214,215,1)"
"rgba(214,214,215,1)"
"rgba(214,215,215,1)"
"rgba(214,215,216,1)"
"rgba(214,216,216,1)"
"rgba(215,215,216,1)"
"rgba(215,216,216,1)"
"rgba(215,216,217,1)"
"rgba(216,216,217,1)"
"rgba(216,216,218,1)"
"rgba(216,217,217,1)"
"rgba(216,217,218,1)"
"rgba(216,218,218,1)"
"rgba(217,217,218,1)"
"rgba(217,218,218,1)"
"rgba(217,218,219,1)"
"rgba(218,218,219,1)"
"rgba(218,219,219,1)"
"rgba(218,219,220,1)"
"rgba(219,219,220,1)"
"rgba(219,220,220,1)"
"rgba(219,220,221,1)"
"rgba(220,220,221,1)"
"rgba(220,221,221,1)"
"rgba(220,221,222,1)"
"rgba(220,222,222,1)"
"rgba(221,221,222,1)"
"rgba(221,222,222,1)"
"rgba(221,222,223,1)"
"rgba(222,222,223,1)"
"rgba(222,223,223,1)"
"rgba(222,223,224,1)"
"rgba(223,223,224,1)"
"rgba(223,224,224,1)"
"rgba(223,224,225,1)"
"rgba(224,224,224,1)"
"rgba(224,224,225,1)"
"rgba(224,225,225,1)"
"rgba(224,225,226,1)"
"rgba(225,225,226,1)"
"rgba(225,226,226,1)"
"rgba(225,226,227,1)"
"rgba(226,226,227,1)"
"rgba(226,227,227,1)"
"rgba(226,227,228,1)"
"rgba(227,227,228,1)"
"rgba(227,228,228,1)"
"rgba(227,228,229,1)"
"rgba(227,229,229,1)"
"rgba(228,228,229,1)"
"rgba(228,229,229,1)"
"rgba(228,229,230,1)"
"rgba(229,229,230,1)"
"rgba(229,230,230,1)"
"rgba(229,230,231,1)"
"rgba(230,230,230,1)"
"rgba(230,230,231,1)"
"rgba(230,231,231,1)"
"rgba(230,231,232,1)"
"rgba(230,232,232,1)"
"rgba(231,231,232,1)"
"rgba(231,232,232,1)"
"rgba(232,232,233,1)"
"rgba(232,233,233,1)"
"rgba(232,234,234,1)"
"rgba(233,233,234,1)"
"rgba(233,234,234,1)"
"rgba(233,234,235,1)"
"rgba(234,234,235,1)"
"rgba(234,235,235,1)"
"rgba(234,235,236,1)"
"rgba(235,235,235,1)"
"rgba(235,235,236,1)"
"rgba(235,236,236,1)"
"rgba(235,236,237,1)"
"rgba(236,236,237,1)"
"rgba(236,237,237,1)"
"rgba(236,237,238,1)"
"rgba(237,237,238,1)"
"rgba(237,238,238,1)"
"rgba(237,238,239,1)"
"rgba(238,238,239,1)"
"rgba(238,239,239,1)"
"rgba(238,239,240,1)"
