<?xml version="1.0" encoding="UTF-8"?>
<project-private xmlns="http://www.netbeans.org/ns/project-private/1">
    <editor-bookmarks xmlns="http://www.netbeans.org/ns/editor-bookmarks/2" lastBookmarkId="0"/>
    <open-files xmlns="http://www.netbeans.org/ns/projectui-open-files/2">
        <group>
            <file>file:/C:/xampp/htdocs/svg/index.php</file>
            <file>file:/C:/xampp/htdocs/svg/process.php</file>
            <file>file:/C:/xampp/htdocs/svg/testcanvas.svg</file>
            <file>file:/C:/xampp/htdocs/svg/test.php</file>
            <file>file:/C:/xampp/htdocs/svg/2.php</file>
            <file>file:/C:/xampp/htdocs/svg/mycanvas_1.svg</file>
            <file>file:/C:/xampp/htdocs/svg/check.php</file>
        </group>
    </open-files>
</project-private>
