<?xml version="1.0" encoding="UTF-8"?>
<project-private xmlns="http://www.netbeans.org/ns/project-private/1">
    <editor-bookmarks xmlns="http://www.netbeans.org/ns/editor-bookmarks/2" lastBookmarkId="0"/>
    <open-files xmlns="http://www.netbeans.org/ns/projectui-open-files/2">
        <group>
            <file>file:/C:/xampp/htdocs/canvasmaker/modifyscript.php</file>
            <file>file:/C:/xampp/htdocs/canvasmaker/wristband.php</file>
            <file>file:/C:/xampp/htdocs/canvasmaker/testpage.php</file>
            <file>file:/C:/xampp/htdocs/canvasmaker/index.php</file>
        </group>
    </open-files>
</project-private>
